sensor,n_rows,n_missing,n_physical_outliers,n_iqr_outliers,n_rolling_spikes,n_total_bad,temp_mean,temp_median,temp_std,temp_min,temp_max,time_min,time_max,bad_fraction,possible_failed_sensor,temperature_slope_degC_per_year,drift_slope_robust_z,possible_drift_sensor
N277,27384,0,27384,0,0,27384,-292.15085,-292.15085,0.0,-292.15085,-292.15085,0.0,249.82888432580424,1.0,True,,,False
N927,27384,0,27384,0,0,27384,6039.05,6039.05,0.0,6039.05,6039.05,0.0,249.82888432580424,1.0,True,,,False
N918,27384,406,12627,0,1,13034,9.294864,4.0721965,30.359613,-33.844723,60.355274,0.0,249.82888432580424,0.4759713701431493,True,-0.29418194804183734,2.118724892271151,False
N345,27384,459,12271,79,241,12848,1.8238709,2.5244887,14.033628,-116.593124,110.96401,0.0,249.82888432580424,0.4691790826760152,True,-0.12093039146390759,0.33696692157664104,False
N204,27384,393,11914,0,210,12435,11.451667,6.7135615,28.371035,-119.05078,153.6142,0.0,249.82888432580424,0.4540972830850131,True,-0.2791674045504931,1.9643119503590905,False
N786,27384,432,11585,32,237,12139,5.3858223,4.670383,17.319952,-117.59514,121.46687,0.0,249.82888432580424,0.44328805141688576,True,-0.1537330900859955,0.674317251262743,False
N862,27384,450,9598,6,226,10170,10.7099905,9.10356,17.385271,-104.570274,127.77886,0.0,249.82888432580424,0.37138475021910605,True,-0.17243850232242638,0.8666879173952343,False
N250,27384,411,9011,26,218,9531,8.843726,8.583149,13.900161,-107.13814,119.44266,0.0,249.82888432580424,0.34804995617879053,True,-0.1362943540470662,0.4949733680103944,False
N923,27384,409,8062,0,0,8471,20.897125,16.488403,24.46211,-10.631131,63.57879,0.0,249.82888432580424,0.3093412211510371,True,-0.23072127485606117,1.4660810574462921,False
N350,27384,403,5320,0,433,6039,19.959972,16.88659,19.572216,-102.238304,146.80547,0.0,249.82888432580424,0.2205302366345311,True,-0.19553903680727133,1.1042590091571836,False
N5,27384,418,4478,0,147,4976,30.170284,24.114605,28.944794,-99.5599,173.70184,0.0,249.82888432580424,0.18171194858311424,False,-0.28430942493593925,2.0171936444010212,False
N6,27384,441,4421,0,157,4933,30.0097,24.086432,28.969713,-99.829506,178.349,0.0,249.82888432580424,0.1801416885772714,False,-0.28408475260864147,2.014883063660136,False
N202,27384,413,4430,0,139,4918,30.132093,24.089375,28.924698,-100.19315,171.75461,0.0,249.82888432580424,0.17959392345895414,False,-0.2848701227545477,2.0229599868639085,False
N197,27384,385,4376,0,146,4839,30.16924,24.171356,28.909618,-98.9771,171.47049,0.0,249.82888432580424,0.17670902716914988,False,-0.2848733824819879,2.0229935106339894,False
N203,27384,401,4327,0,144,4811,30.164686,24.143955,28.864246,-97.79573,174.55669,0.0,249.82888432580424,0.1756865322816243,False,-0.2847298831968885,2.0215177317142206,False
N201,27384,430,4307,0,146,4809,30.153286,24.162626,28.989992,-99.21437,175.82167,0.0,249.82888432580424,0.17561349693251535,False,-0.2851487146482734,2.025825088552004,False
N200,27384,431,4296,0,153,4806,30.1648,24.18522,29.033003,-97.49007,179.88826,0.0,249.82888432580424,0.17550394390885188,False,-0.28537831490663695,2.0281863492442205,False
N622,27384,403,4104,1,222,4611,18.588228,16.277805,17.386406,-94.04549,142.71999,0.0,249.82888432580424,0.16838299737072743,False,-0.1798892825539555,0.9433134169153421,False
N187,27384,409,2597,0,0,3006,26.523756,21.640621,24.010212,-2.0656936,70.56278,0.0,249.82888432580424,0.10977212971078001,False,-0.2590420063414902,1.7573378291415274,False
N841,27384,441,0,0,399,840,25.674414,21.944258,17.399153,4.419674,58.83871,0.0,249.82888432580424,0.03067484662576687,False,-0.18565034575659642,1.002561486506931,False
N628,27384,415,102,0,401,818,24.964203,21.551344,16.999256,-92.748024,149.05647,0.0,249.82888432580424,0.029871457785568215,False,-0.16709960423974682,0.8117814888387838,False
N605,27384,380,0,0,427,807,25.734983,21.973583,17.607206,4.1665525,59.345787,0.0,249.82888432580424,0.029469763365468887,False,-0.18819192338352622,1.028699642402137,False
N510,27384,416,115,0,379,796,25.107891,21.621037,17.351614,-89.98783,150.37538,0.0,249.82888432580424,0.02906806894536956,False,-0.16985248317248103,0.8400927148828042,False
N847,27384,426,0,0,365,791,26.022562,22.154423,18.2838,3.4457881,60.878197,0.0,249.82888432580424,0.028885480572597138,False,-0.19528657419298254,1.1016626268550764,False
N548,27384,407,0,0,376,783,25.951807,22.110266,18.0865,3.7398727,60.3569,0.0,249.82888432580424,0.02859333917616126,False,-0.19306592131243624,1.0788249332250088,False
N379,27384,397,103,0,379,780,25.214163,21.70023,17.340227,-88.53747,145.00269,0.0,249.82888432580424,0.02848378615249781,False,-0.17280255680339332,0.8704319355503504,False
N647,27384,423,110,0,353,776,24.740904,21.38524,16.438395,-90.72542,146.22455,0.0,249.82888432580424,0.02833771545427987,False,-0.16028155919938922,0.741663180321613,False
N732,27384,435,110,0,332,767,25.10475,21.586395,17.251143,-90.474464,151.40834,0.0,249.82888432580424,0.028009056383289512,False,-0.17142970677532274,0.8563132371190166,False
N633,27384,409,110,0,340,749,25.459372,21.837502,18.011566,-85.69409,152.18498,0.0,249.82888432580424,0.027351738241308793,False,-0.17953986121534624,0.9397198892871054,False
N288,27384,407,98,0,317,725,25.070677,21.599312,17.093689,-88.902916,150.22758,0.0,249.82888432580424,0.026475314052001167,False,-0.16840852157415187,0.8252426890705252,False
N178,27384,391,119,0,331,723,24.913088,21.544712,16.991392,-88.867195,151.823,0.0,249.82888432580424,0.0264022787028922,False,-0.16527001115368972,0.7929655420813676,False
N629,27384,418,103,0,288,706,24.657469,21.365143,16.263397,-90.15235,143.99835,0.0,249.82888432580424,0.025781478235465966,False,-0.15856073914486396,0.7239658798826286,False
N112,27384,461,105,132,237,698,17.92845,17.682669,6.697569,-82.635345,120.97567,0.0,249.82888432580424,0.02548933683903009,False,-0.011115585392757662,0.7923932405038221,False
N464,27384,443,122,2,253,697,24.222706,21.159029,15.539379,-90.81866,145.8487,0.0,249.82888432580424,0.025452819164475605,False,-0.1488308651203429,0.6239016672459826,False
N108,27384,463,119,114,233,696,17.586708,17.501362,6.371134,-82.7236,118.791245,0.0,249.82888432580424,0.025416301489921123,False,-0.007659355719854153,0.8279378837375277,False
N463,27384,457,105,0,234,693,24.316252,21.16128,15.493418,-84.68946,145.87024,0.0,249.82888432580424,0.02530674846625767,False,-0.15055373381500986,0.6416200363609066,False
N140,27384,448,119,117,242,690,19.832886,18.88011,7.9748025,-84.525734,122.26,0.0,249.82888432580424,0.025197195442594217,False,-0.04453225569663971,0.4487286879649784,False
N735,27384,450,118,121,239,689,18.22977,17.929173,6.6298094,-83.618576,118.32736,0.0,249.82888432580424,0.025160677768039732,False,-0.01651194702251086,0.736895843906188,False
N748,27384,433,121,135,256,689,19.124407,18.47072,7.4504347,-84.55016,125.590096,0.0,249.82888432580424,0.025160677768039732,False,-0.030654988123377105,0.5914456285715074,False
N305,27384,436,124,117,250,686,20.051207,18.986038,8.473215,-85.2239,128.12827,0.0,249.82888432580424,0.025051124744376277,False,-0.04890148838316973,0.40379451641228503,False
N274,27384,432,137,111,252,684,19.574966,18.782207,7.943563,-84.36207,124.28923,0.0,249.82888432580424,0.02497808939526731,False,-0.04098404992573904,0.4852192340751533,False
N708,27384,435,118,64,249,684,21.821177,19.870472,10.844966,-83.552826,135.51884,0.0,249.82888432580424,0.02497808939526731,False,-0.0880000857436423,0.0016957482049016921,False
N302,27384,427,144,11,256,683,23.009624,20.53187,13.232061,-88.226456,138.93983,0.0,249.82888432580424,0.024941571720712825,False,-0.11976093259635347,0.32493994358105416,False
N353,27384,451,109,123,232,683,18.919853,18.331821,7.2225432,-85.54234,122.83215,0.0,249.82888432580424,0.024941571720712825,False,-0.027027881194278385,0.6287476119368113,False
N744,27384,428,126,0,252,683,24.309298,21.186543,15.704158,-88.636,145.96643,0.0,249.82888432580424,0.024941571720712825,False,-0.15113252051065315,0.6475724089032595,False
N281,27384,409,146,127,273,682,19.367767,18.644619,7.942407,-82.80296,124.07143,0.0,249.82888432580424,0.02490505404615834,False,-0.03639966579038171,0.5323660715133742,False
N279,27384,428,147,77,253,681,20.577707,19.307213,9.157356,-85.89459,131.41675,0.0,249.82888432580424,0.024868536371603855,False,-0.06241633728209739,0.2648047709575893,False
N572,27384,432,121,6,249,681,23.592999,20.771984,14.143611,-90.27504,136.6025,0.0,249.82888432580424,0.024868536371603855,False,-0.13167557453127182,0.44747280074452145,False
N664,27384,421,123,134,260,681,19.853815,18.886568,8.379581,-86.40637,125.06128,0.0,249.82888432580424,0.024868536371603855,False,-0.044604432574048156,0.4479864047257251,False
N227,27384,459,102,1,219,678,23.90297,20.955097,14.596342,-88.291695,137.12953,0.0,249.82888432580424,0.024758983347940404,False,-0.1391660417397625,0.5245064500609758,False
N867,27384,430,119,127,248,678,19.423666,18.649174,7.6600018,-83.88647,123.74641,0.0,249.82888432580424,0.024758983347940404,False,-0.036500339160960356,0.5313307239297321,False
N121,27384,422,123,131,254,676,24.622374,25.221485,7.064333,-77.954185,125.50588,0.0,249.82888432580424,0.024685947998831434,False,0.029691155538458282,1.2120589413401401,False
N113,27384,446,98,128,226,672,17.99676,17.720667,6.3223376,-80.519135,118.76946,0.0,249.82888432580424,0.024539877300613498,False,-0.012046929524329935,0.782815088003114,False
N398,27384,407,134,130,264,671,18.287724,17.952124,7.1702633,-84.20509,119.912476,0.0,249.82888432580424,0.024503359626059013,False,-0.017597317609768598,0.7257336486959304,False
N245,27384,413,123,88,257,670,21.277393,19.606253,10.045953,-87.270134,131.91759,0.0,249.82888432580424,0.024466841951504528,False,-0.07492135921353503,0.13620031313832257,False
N248,27384,410,138,122,260,670,25.445759,26.297144,7.455867,-75.76283,127.49824,0.0,249.82888432580424,0.024466841951504528,False,0.0405932569319529,1.3241786038635839,False
N259,27384,431,122,99,239,670,20.169678,19.085327,8.399621,-85.948,123.320076,0.0,249.82888432580424,0.024466841951504528,False,-0.051690899034636126,0.37510758995714033,False
N517,27384,434,116,15,236,670,23.184015,20.567055,13.294983,-89.76867,143.19212,0.0,249.82888432580424,0.024466841951504528,False,-0.12186377222201321,0.34656601920263846,False
N543,27384,434,110,19,236,670,22.971296,20.454067,12.855148,-90.26065,141.8798,0.0,249.82888432580424,0.024466841951504528,False,-0.11639701884784488,0.29034469807491625,False
N212,27384,426,116,0,236,669,26.403917,22.327198,20.371067,-93.88577,159.91397,0.0,249.82888432580424,0.024430324276950043,False,-0.2042808791150794,1.1941620814189635,False
N634,27384,440,116,51,229,669,21.824291,19.879581,10.761093,-87.474525,131.49524,0.0,249.82888432580424,0.024430324276950043,False,-0.08931917570606003,0.011870069621062377,False
N8,27384,388,93,0,279,669,26.228785,22.241478,19.61954,-93.109795,155.225,0.0,249.82888432580424,0.024430324276950043,False,-0.197771780751196,1.1272210500022148,False
N669,27384,436,121,110,231,667,18.581951,18.188864,6.8658686,-82.63525,118.7417,0.0,249.82888432580424,0.024357288927841076,False,-0.022845800694065693,0.6717570683164331,False
N80,27384,424,121,122,243,667,17.98141,17.756105,6.703114,-82.234795,119.557785,0.0,249.82888432580424,0.024357288927841076,False,-0.012999804316735815,0.773015509344325,False
N175,27384,417,100,1,248,666,24.22066,21.11533,15.267779,-85.82558,144.37482,0.0,249.82888432580424,0.02432077125328659,False,-0.14585403147260914,0.5932872405473372,False
N762,27384,385,98,0,278,665,24.85656,21.466942,16.658392,-88.79017,150.32904,0.0,249.82888432580424,0.024284253578732106,False,-0.16306888742908823,0.7703286906829825,False
N560,27384,412,124,128,252,664,19.391035,18.624004,7.538124,-82.243454,123.04586,0.0,249.82888432580424,0.02424773590417762,False,-0.03573739614085706,0.5391770015280712,False
N315,27384,426,117,6,235,663,18.539396,17.080338,14.20931,-94.91624,128.56662,0.0,249.82888432580424,0.024211218229623136,False,-0.1463875199601849,0.5987737561307299,False
N577,27384,446,106,64,217,663,21.25909,19.599037,9.654896,-84.146355,130.23552,0.0,249.82888432580424,0.024211218229623136,False,-0.07522887393433089,0.13303776259213185,False
N671,27384,446,98,67,217,663,21.519352,19.716278,9.949796,-86.79172,128.67574,0.0,249.82888432580424,0.024211218229623136,False,-0.08001648792031045,0.08380086366539363,False
N460,27384,437,134,45,225,662,21.340267,19.667059,10.004285,-86.33255,128.14069,0.0,249.82888432580424,0.024174700555068655,False,-0.07986712966477394,0.08533689755477172,False
N813,27384,435,109,14,227,662,23.140757,20.52781,13.108229,-87.06372,140.29958,0.0,249.82888432580424,0.024174700555068655,False,-0.12052673078693962,0.3328155843947433,False
N571,27384,415,120,89,246,661,31.7661,32.565304,9.640752,-75.548386,142.17285,0.0,249.82888432580424,0.02413818288051417,False,0.09602847473919654,1.8942868507168478,False
N74,27384,425,136,100,236,661,18.280176,18.016937,6.7218294,-83.97644,118.54541,0.0,249.82888432580424,0.02413818288051417,False,-0.0187168998010657,0.7142196136558242,False
N90,27384,440,113,108,221,661,17.344336,17.3223,6.17442,-83.51793,114.54079,0.0,249.82888432580424,0.02413818288051417,False,-0.004485271885385584,0.8605808757164951,False
N304,27384,393,116,0,265,660,24.63161,21.37338,16.392988,-92.363205,145.17484,0.0,249.82888432580424,0.024101665205959685,False,-0.16002792401780516,0.7390547390737409,False
N749,27384,425,113,92,235,660,38.702625,40.584213,10.115103,-71.97576,145.10051,0.0,249.82888432580424,0.024101665205959685,False,0.09318915992846466,1.8650866986647823,False
N853,27384,426,118,77,234,660,21.177902,19.567184,9.867321,-80.932045,127.62006,0.0,249.82888432580424,0.024101665205959685,False,-0.07409846444877025,0.14466314796141364,False
N331,27384,417,121,53,240,657,21.794132,19.88082,10.750648,-84.87385,133.31583,0.0,249.82888432580424,0.02399211218229623,False,-0.0883298623136317,0.0016957482049016921,False
N354,27384,417,132,108,240,657,18.839113,18.343826,7.157139,-83.21134,119.78919,0.0,249.82888432580424,0.02399211218229623,False,-0.0270415345115351,0.6286071981516247,False
N611,27384,432,109,24,225,657,22.7431,20.313107,12.384147,-88.60679,137.85538,0.0,249.82888432580424,0.02399211218229623,False,-0.11097736231178028,0.23460773142194344,False
N615,27384,402,123,132,255,657,19.07857,18.456236,7.646091,-83.22276,123.135704,0.0,249.82888432580424,0.02399211218229623,False,-0.03008675441733397,0.597289471795532,False
N654,27384,420,126,111,237,657,17.733202,17.62344,6.5048275,-83.50668,119.66741,0.0,249.82888432580424,0.02399211218229623,False,-0.010058407505831587,0.8032654956435629,False
N812,27384,423,127,84,234,657,20.472813,19.22558,8.870501,-83.90187,131.80452,0.0,249.82888432580424,0.02399211218229623,False,-0.05910802949941457,0.2988281522058516,False
N132,27384,427,111,117,228,655,19.210201,18.541569,7.2658806,-79.896576,122.97681,0.0,249.82888432580424,0.023919076833187263,False,-0.032748523386272876,0.5699152411090623,False
N284,27384,428,128,99,227,655,19.121674,18.54693,7.135877,-83.64907,124.124405,0.0,249.82888432580424,0.023919076833187263,False,-0.03261258397811333,0.5713132725542275,False
N681,27384,409,109,108,245,654,20.376076,19.14221,8.505254,-82.94526,124.742905,0.0,249.82888432580424,0.023882559158632778,False,-0.055063826256320066,0.34041964786581125,False
N878,27384,442,109,44,212,654,21.93024,19.93289,11.027802,-87.05157,128.81834,0.0,249.82888432580424,0.023882559158632778,False,-0.09255532533860221,0.04515136022550514,False
N256,27384,402,133,118,251,653,17.855478,17.699623,6.671747,-82.038345,118.76959,0.0,249.82888432580424,0.023846041484078293,False,-0.011561654270699504,0.787805767845854,False
N363,27384,420,116,75,233,653,21.16522,19.565605,9.553765,-83.255806,126.98438,0.0,249.82888432580424,0.023846041484078293,False,-0.0732026816403184,0.1538755798177027,False
N552,27384,415,115,121,236,651,18.61481,18.161726,6.9312763,-83.93935,118.546555,0.0,249.82888432580424,0.023773006134969327,False,-0.022421252862060353,0.6761232136980841,False
N871,27384,428,122,87,223,651,20.218397,19.115437,8.388115,-82.54986,128.26532,0.0,249.82888432580424,0.023773006134969327,False,-0.05379790418049708,0.35343867518901556,False
N646,27384,408,109,61,242,650,21.755352,19.81425,10.475457,-84.43501,128.80032,0.0,249.82888432580424,0.02373648846041484,False,-0.08607995501713911,0.021442804417834638,False
N903,27384,442,109,0,188,650,28.444052,23.354004,24.969814,-98.03614,166.49437,0.0,249.82888432580424,0.02373648846041484,False,-0.2560653150748034,1.726724866721589,False
N550,27384,431,89,91,218,649,38.147118,39.5261,9.281441,-74.963036,142.53386,0.0,249.82888432580424,0.023699970785860357,False,0.07486622971075015,1.6766495636298238,False
N785,27384,402,124,69,247,649,21.482029,19.709314,10.376223,-86.92723,131.28458,0.0,249.82888432580424,0.023699970785860357,False,-0.08123266557686733,0.07129341913703187,False
N858,27384,412,115,16,237,649,22.816645,20.376097,12.478224,-86.92601,136.85678,0.0,249.82888432580424,0.023699970785860357,False,-0.11265770121733089,0.2518887146209959,False
N926,27384,418,122,0,226,649,26.52661,22.485573,20.645735,-94.167534,156.84145,0.0,249.82888432580424,0.023699970785860357,False,-0.20858144921913763,1.2383901115318683,False
N254,27384,393,133,99,255,648,20.45822,19.20717,8.950673,-83.96578,124.93465,0.0,249.82888432580424,0.02366345311130587,False,-0.05827721629769304,0.3073724220153971,False
N165,27384,402,105,128,245,647,33.780018,32.500164,9.159018,-69.41271,141.20271,0.0,249.82888432580424,0.023626935436751387,False,-0.011534445544035767,0.7880855885098823,False
N383,27384,396,132,119,251,647,17.462511,17.429228,6.6604686,-80.88928,117.76955,0.0,249.82888432580424,0.023626935436751387,False,-0.006519898290248089,0.8396563201981807,False
N493,27384,416,131,97,231,647,19.649376,18.823889,8.019133,-84.34802,124.023964,0.0,249.82888432580424,0.023626935436751387,False,-0.042469926222748,0.4699381480753811,False
N210,27384,430,108,0,211,645,26.620144,22.376753,20.727987,-93.147606,158.34474,0.0,249.82888432580424,0.02355390008764242,False,-0.21016832745205055,1.2547099241549797,False
N168,27384,403,118,19,241,644,22.778866,20.352121,12.648376,-89.00078,134.26697,0.0,249.82888432580424,0.023517382413087935,False,-0.11316788199023299,0.25713552842497184,False
N362,27384,433,105,74,211,644,21.172726,19.544952,9.516041,-86.19687,133.906,0.0,249.82888432580424,0.023517382413087935,False,-0.07313903290697232,0.1545301577055093,False
N798,27384,421,120,103,223,644,18.84528,18.333368,6.750475,-84.89848,120.2366,0.0,249.82888432580424,0.023517382413087935,False,-0.02701351002448586,0.6288954082789152,False
N172,27384,414,101,3,229,643,23.538363,20.741766,13.816575,-87.900764,139.71017,0.0,249.82888432580424,0.02348086473853345,False,-0.1302795470735899,0.4331157404146519,False
N635,27384,409,111,2,234,643,23.829473,20.924881,14.612946,-90.54965,142.92593,0.0,249.82888432580424,0.02348086473853345,False,-0.1384003775508796,0.5166321873509391,False
N914,27384,435,100,0,200,643,27.318275,22.824596,22.201874,-95.67602,158.5303,0.0,249.82888432580424,0.02348086473853345,False,-0.22674338751719306,1.425171569459297,False
N752,27384,408,113,70,234,642,21.345901,19.604094,9.911234,-86.27335,130.18123,0.0,249.82888432580424,0.023444347063978965,False,-0.0775157843902377,0.10951866115627419,False
N907,27384,415,121,0,218,642,26.967943,22.651999,21.699755,-96.36118,155.99463,0.0,249.82888432580424,0.023444347063978965,False,-0.21978023433754723,1.353560936204062,False
N276,27384,411,120,108,230,641,11.366783,11.521468,7.121851,-94.03005,114.95309,0.0,249.82888432580424,0.02340782938942448,False,-0.049221044403174416,0.40050813043704186,False
N150,27384,409,113,96,231,640,20.738422,19.32331,8.914434,-83.095726,126.51161,0.0,249.82888432580424,0.02337131171487,False,-0.06282336007682623,0.2606188570005261,False
N778,27384,394,120,125,245,639,18.064228,17.802475,6.4777102,-82.639565,118.99738,0.0,249.82888432580424,0.023334794040315514,False,-0.013779342514799703,0.7649985632037204,False
N791,27384,415,124,35,224,639,22.084755,20.031574,11.310587,-86.94253,132.24637,0.0,249.82888432580424,0.023334794040315514,False,-0.09698713923908892,0.09072913105652823,False
N808,27384,414,114,0,223,639,23.957705,21.001875,14.75145,-87.888275,137.9428,0.0,249.82888432580424,0.023334794040315514,False,-0.1428924508712208,0.5628296796075924,False
N729,27384,384,116,48,254,638,22.198074,20.058638,11.442893,-83.70831,137.83617,0.0,249.82888432580424,0.02329827636576103,False,-0.09675075644163363,0.08829811720695523,False
N185,27384,451,101,0,177,637,27.374517,22.903906,22.37779,-96.33863,161.81628,0.0,249.82888432580424,0.023261758691206544,False,-0.2295330232763034,1.4538608109720768,False
N81,27384,392,120,125,245,637,17.94189,17.724415,6.5858226,-83.58338,118.49136,0.0,249.82888432580424,0.023261758691206544,False,-0.011974542596763555,0.78355953144543,False
N421,27384,405,104,88,231,636,36.888912,38.43236,10.141265,-69.538864,143.47449,0.0,249.82888432580424,0.02322524101665206,False,0.10272537829808272,1.9631593129948455,False
N773,27384,393,128,115,243,636,18.207909,17.932333,6.731835,-83.33287,117.361206,0.0,249.82888432580424,0.02322524101665206,False,-0.016738543016717698,0.7345654797421937,False
N821,27384,420,91,44,216,636,43.449116,41.175484,14.778006,-72.00622,161.47395,0.0,249.82888432580424,0.02322524101665206,False,-0.070202545884725,0.18472965063402855,False
N877,27384,414,101,112,222,636,20.255175,19.08892,8.309192,-85.32052,129.84785,0.0,249.82888432580424,0.02322524101665206,False,-0.05243973634591318,0.367406378640628,False
N103,27384,399,118,118,236,635,17.32203,17.275007,6.3161044,-79.89961,117.11705,0.0,249.82888432580424,0.023188723342097574,False,-0.003764158993038963,0.8679969628737336,False
N188,27384,427,125,0,189,634,28.833517,23.528969,26.10716,-95.866325,161.86229,0.0,249.82888432580424,0.023152205667543092,False,-0.26953026488032084,1.8652014386777593,False
N236,27384,403,111,119,230,633,18.893272,18.323498,6.952019,-82.30629,122.2073,0.0,249.82888432580424,0.023115687992988607,False,-0.027063319467315685,0.6283831567671201,False
N531,27384,419,98,76,214,633,34.577442,35.618893,10.066374,-79.59842,145.1939,0.0,249.82888432580424,0.023115687992988607,False,0.10669245063220817,2.0039575770408615,False
N621,27384,410,102,8,222,632,23.085386,20.500679,12.911734,-85.969055,136.36127,0.0,249.82888432580424,0.023079170318434122,False,-0.11901633948529977,0.31728238057412445,False
N715,27384,406,119,105,226,632,31.377987,31.377176,7.856245,-73.21479,128.67485,0.0,249.82888432580424,0.023079170318434122,False,0.029091173067263176,1.2058885866752571,False
N183,27384,404,118,0,219,631,26.803358,22.571348,21.256233,-91.6651,156.40915,0.0,249.82888432580424,0.023042652643879637,False,-0.2155671281023594,1.3102324041885236,False
N583,27384,384,133,52,247,631,21.78034,19.877926,11.0687275,-85.12141,135.08153,0.0,249.82888432580424,0.023042652643879637,False,-0.08931023024410815,0.011778072478588624,False
N89,27384,394,120,117,237,631,17.403517,17.36684,6.3233213,-83.39843,117.27698,0.0,249.82888432580424,0.023042652643879637,False,-0.005358923293879208,0.8515960481545458,False
N186,27384,413,108,0,203,630,27.642519,23.005762,23.128948,-95.27318,161.30508,0.0,249.82888432580424,0.023006134969325152,False,-0.23580022247636856,1.518314096986991,False
N265,27384,421,106,4,208,630,23.997969,20.998991,14.844925,-84.907936,146.37796,0.0,249.82888432580424,0.023006134969325152,False,-0.14256449386467573,0.5594568959974554,False
N501,27384,404,111,2,225,629,23.82345,20.924343,14.546896,-86.71842,139.75151,0.0,249.82888432580424,0.022969617294770667,False,-0.13875120987641515,0.5202402258860449,False
N39,27384,402,115,74,226,628,21.162493,19.538244,9.755195,-86.59171,132.91437,0.0,249.82888432580424,0.022933099620216186,False,-0.07375666056257973,0.1481783359958736,False
N34,27384,415,116,50,212,627,21.690517,19.809534,10.431199,-85.207855,131.59877,0.0,249.82888432580424,0.0228965819456617,False,-0.08665829457669243,0.015495030323588233,False
N413,27384,418,113,5,209,627,23.32193,20.664537,13.591833,-89.99241,141.82628,0.0,249.82888432580424,0.0228965819456617,False,-0.12726234786990043,0.4020861852606771,False
N891,27384,432,113,0,173,627,28.044338,23.206295,24.043081,-95.878456,165.71141,0.0,249.82888432580424,0.0228965819456617,False,-0.24692357122424427,1.6327091170595958,False
N799,27384,410,105,14,216,626,23.054697,20.520466,12.938779,-86.12503,141.66771,0.0,249.82888432580424,0.022860064271107216,False,-0.11884778628036824,0.31554894150838203,False
N818,27384,396,105,78,230,626,39.35911,40.239094,9.578649,-75.16552,146.21327,0.0,249.82888432580424,0.022860064271107216,False,0.06543078029899485,1.5796132799245295,False
N557,27384,397,116,111,227,624,18.614115,18.163378,6.90678,-83.94831,119.65806,0.0,249.82888432580424,0.022787028921998246,False,-0.02256311537837689,0.6746642676765742,False
N687,27384,402,106,4,222,624,23.461178,20.711807,13.855785,-86.23198,138.40962,0.0,249.82888432580424,0.022787028921998246,False,-0.12967936116962228,0.42694329360138594,False
N850,27384,391,118,8,233,624,23.397383,20.67978,13.764716,-90.00547,141.37755,0.0,249.82888432580424,0.022787028921998246,False,-0.12798319475217,0.40949953671045963,False
N4,27384,392,119,0,217,622,26.80102,22.570679,21.27074,-87.70894,157.46603,0.0,249.82888432580424,0.02271399357288928,False,-0.21539735350641653,1.30848640406294,False
N695,27384,401,108,113,221,622,21.302032,20.671282,7.1914644,-81.92689,123.18697,0.0,249.82888432580424,0.02271399357288928,False,-0.02489320800961384,0.6507010710383061,False
N469,27384,405,107,42,216,621,22.206371,20.055977,11.325139,-84.84113,138.26558,0.0,249.82888432580424,0.022677475898334794,False,-0.09766227489800534,0.09767237800526979,False
N170,27384,399,117,7,221,620,23.136236,20.555803,12.999063,-85.915985,138.77905,0.0,249.82888432580424,0.02264095822378031,False,-0.1214169368049695,0.3419706632841586,False
N261,27384,390,104,126,230,620,17.788553,17.609215,6.5429797,-80.18414,118.765236,0.0,249.82888432580424,0.02264095822378031,False,-0.009579116035211369,0.8081946369161225,False
N921,27384,417,107,0,174,620,28.960197,23.581165,26.198732,-98.637215,174.47865,0.0,249.82888432580424,0.02264095822378031,False,-0.2694296326593316,1.864166514285749,False
N57,27384,387,126,106,232,619,19.524961,18.749807,7.6163497,-85.236206,123.19664,0.0,249.82888432580424,0.022604440549225824,False,-0.03981406298097509,0.49725164293552626,False
N55,27384,386,117,109,232,618,19.726818,18.832098,7.827434,-82.87452,126.46433,0.0,249.82888432580424,0.02256792287467134,False,-0.04281894479816241,0.4663487625544184,False
N66,27384,396,116,106,222,618,18.908998,18.349247,6.6799374,-80.20661,119.16468,0.0,249.82888432580424,0.02256792287467134,False,-0.027705469463795145,0.621779141789084,False
N214,27384,402,111,0,212,617,26.147148,22.203491,19.635582,-87.96256,157.59003,0.0,249.82888432580424,0.022531405200116858,False,-0.19853196212940377,1.1350389262542298,False
N769,27384,402,104,71,215,617,21.14051,19.544823,9.450915,-86.99235,133.44771,0.0,249.82888432580424,0.022531405200116858,False,-0.07250897252729638,0.16100984034548294,False
N30,27384,417,104,31,199,616,22.228071,20.066076,11.206855,-86.42803,138.4795,0.0,249.82888432580424,0.022494887525562373,False,-0.09893371605200393,0.1107481647696272,False
N893,27384,422,100,0,175,613,28.209808,23.270308,24.423674,-93.82076,165.02151,0.0,249.82888432580424,0.022385334501898918,False,-0.25097568776927837,1.674381994896339,False
N528,27384,392,122,98,220,612,18.07577,17.870827,6.427467,-84.12247,118.572495,0.0,249.82888432580424,0.022348816827344433,False,-0.015205053724362705,0.7503362284938746,False
N264,27384,396,105,109,214,610,17.547388,17.464302,6.0022106,-82.79343,118.59768,0.0,249.82888432580424,0.022275781478235467,False,-0.007014867614372987,0.8345659443543589,False
N910,27384,420,109,0,166,610,28.983484,23.596489,26.16312,-98.764595,169.25616,0.0,249.82888432580424,0.022275781478235467,False,-0.2709802724663885,1.880113642787634,False
N895,27384,400,101,0,202,608,27.413023,22.94387,22.361324,-92.73248,165.77884,0.0,249.82888432580424,0.022202746129126497,False,-0.22870835877478288,1.4453797757781905,False
N904,27384,440,83,0,154,603,28.699907,23.450447,25.425945,-96.578384,172.73863,0.0,249.82888432580424,0.022020157756354075,False,-0.2626914522908302,1.7948695520148537,False
N209,27384,399,100,0,197,602,26.692299,22.489305,20.862741,-94.942024,156.2803,0.0,249.82888432580424,0.02198364008179959,False,-0.2120384608312976,1.2739427964047392,False
N906,27384,394,104,0,193,601,27.757256,23.0615,23.345854,-96.671196,162.02634,0.0,249.82888432580424,0.021947122407245105,False,-0.2384345130500322,1.545405733676785,False
N418,27384,377,99,121,220,597,18.127481,17.832134,6.3088527,-82.31617,118.77796,0.0,249.82888432580424,0.02180105170902717,False,-0.01430203451348586,0.7596230811401097,False
N234,27384,382,104,43,214,596,22.255333,20.066586,11.320362,-88.037254,139.34999,0.0,249.82888432580424,0.021764534034472684,False,-0.09870441005236479,0.1083899303003089,False
N922,27384,400,86,0,182,596,27.317892,22.670025,23.157423,-95.662155,162.06514,0.0,249.82888432580424,0.021764534034472684,False,-0.23869340146598875,1.548068200368353,False
N928,27384,417,0,0,177,594,26.707094,22.50538,19.90848,2.5127733,64.692726,0.0,249.82888432580424,0.021691498685363717,False,-0.21226527270861065,1.2762753807591483,False
N196,27384,414,93,1,158,590,48.80327,45.137947,22.165417,-78.15338,186.7141,0.0,249.82888432580424,0.021545427987145777,False,-0.15084188655001843,0.6445834638909098,False
N905,27384,421,86,0,157,589,35.71944,30.234035,22.299063,-82.4289,169.0573,0.0,249.82888432580424,0.021508910312591296,False,-0.20408402423691493,1.1921375815808808,False
N924,27384,422,94,0,139,587,28.313738,23.383175,24.625206,-97.376945,166.98438,0.0,249.82888432580424,0.021435874963482326,False,-0.2543803641730231,1.7093964527161107,False
N908,27384,390,96,0,179,583,27.602272,22.978125,22.800798,-96.22158,165.91179,0.0,249.82888432580424,0.02128980426526439,False,-0.23372296563031164,1.4969511204241985,False
N401,27384,378,87,113,200,578,17.327509,17.250906,5.8918686,-82.25725,117.645386,0.0,249.82888432580424,0.021107215892491968,False,-0.0033570640950787633,0.8721836183566435,False
N439,27384,388,89,81,190,578,20.407164,19.192513,8.099556,-80.76607,121.888054,0.0,249.82888432580424,0.021107215892491968,False,-0.056398545667303866,0.3266930932758595,False
N909,27384,392,93,0,167,576,28.73086,23.55352,25.48225,-91.08044,171.77486,0.0,249.82888432580424,0.021034180543382998,False,-0.2633450869570672,1.8015916779194843,False
N912,27384,390,98,0,161,568,28.884016,23.580936,25.992823,-97.59741,160.59958,0.0,249.82888432580424,0.02074203914694712,False,-0.2682040439548292,1.8515622844238484,False
N897,27384,419,0,0,145,564,26.73962,22.561897,19.97541,2.52376,64.63674,0.0,249.82888432580424,0.020595968448729185,False,-0.21297042608395278,1.2835273366543487,False
N211,27384,350,114,0,201,557,26.465088,22.4069,20.499367,-91.46168,157.55565,0.0,249.82888432580424,0.020340344726847794,False,-0.2073671062636287,1.2259015354816927,False
N917,27384,363,102,0,160,550,29.0828,23.69073,26.413229,-97.56292,167.85204,0.0,249.82888432580424,0.020084721004966402,False,-0.272625189007355,1.8970303344231054,False
N500,27384,407,0,0,89,496,23.88817,20.938234,13.228713,6.448517,49.726505,0.0,249.82888432580424,0.018112766579024248,False,-0.1395774266898352,0.5287372254046081,False
N174,27384,383,0,0,98,481,23.931868,20.993769,13.324144,6.3862786,50.038177,0.0,249.82888432580424,0.017565001460706983,False,-0.14073515140553564,0.5406435267436176,False
N369,27384,439,0,0,23,462,23.588278,20.795723,12.595833,7.202248,48.274498,0.0,249.82888432580424,0.01687116564417178,False,-0.13250033863377256,0.4559548602572877,False
N597,27384,455,0,0,0,455,21.578884,19.747616,8.167313,9.3258095,38.042877,0.0,249.82888432580424,0.016615541922290387,False,-0.08289641257152974,0.054183070880937614,False
N580,27384,454,0,0,0,454,30.194862,31.206009,5.7180495,15.38612,41.57629,0.0,249.82888432580424,0.016579024247735902,False,0.07521671192195857,1.6802540015104517,False
N753,27384,448,0,0,0,448,29.751225,28.942093,4.685441,15.490081,41.347897,0.0,249.82888432580424,0.016359918200409,False,0.004836759887250105,0.956450746914391,False
N208,27384,391,0,0,53,444,26.771097,22.530632,20.04023,2.5343652,64.90121,0.0,249.82888432580424,0.01621384750219106,False,-0.21336159791363155,1.2875502357220854,False
N53,27384,440,0,0,0,440,19.899017,18.929642,4.867704,11.96683,30.372492,0.0,249.82888432580424,0.016067776803973123,False,-0.04616462642679644,0.4319410202693239,False
N694,27384,439,0,0,0,439,19.535091,18.71725,4.205297,12.076498,29.071558,0.0,249.82888432580424,0.016031259129418638,False,-0.038996499114780904,0.5056596535988421,False
N419,27384,434,0,0,0,434,20.588078,19.263813,6.168377,11.053986,33.91878,0.0,249.82888432580424,0.015848670756646217,False,-0.06057411210203271,0.28375062901063325,False
N495,27384,432,0,0,0,432,22.241743,20.077942,9.587542,8.367503,41.09348,0.0,249.82888432580424,0.015775635407537247,False,-0.09889800541747287,0.11038090857308241,False
N717,27384,432,0,0,0,432,20.191591,19.083195,5.3890195,11.485045,31.792143,0.0,249.82888432580424,0.015775635407537247,False,-0.051891352008512436,0.37304608649357474,False
N899,27384,432,0,0,0,432,27.989113,23.135931,23.010023,1.1920065,71.14471,0.0,249.82888432580424,0.015775635407537247,False,-0.245053594412066,1.6134778549807824,False
N96,27384,431,0,0,0,431,16.997625,16.998062,0.5011995,14.956888,19.138594,0.0,249.82888432580424,0.015739117732982765,False,-3.044275049362935e-05,0.9063953403940783,False
N504,27384,428,0,0,0,428,18.739153,18.250206,2.82587,13.262235,25.62756,0.0,249.82888432580424,0.01562956470931931,False,-0.024576886746930596,0.6539541900417853,False
N68,27384,428,0,0,0,428,18.78751,18.281733,2.8898351,13.375265,25.873222,0.0,249.82888432580424,0.01562956470931931,False,-0.025198661446373206,0.6475597192007123,False
N327,27384,426,0,0,0,426,19.521076,18.706282,4.1838813,12.4237385,29.045687,0.0,249.82888432580424,0.015556529360210342,False,-0.038783402528726425,0.5078511868134922,False
N644,27384,399,0,0,27,426,23.532513,20.767418,12.412166,6.999359,47.68981,0.0,249.82888432580424,0.015556529360210342,False,-0.13050562833174542,0.4354408109173347,False
N598,27384,425,0,0,0,425,20.3505,19.160845,5.710442,11.094383,32.2698,0.0,249.82888432580424,0.015520011685655857,False,-0.05544549541214652,0.3364944764330447,False
N673,27384,425,0,0,0,425,18.845034,18.311121,3.0104854,13.3644495,25.934525,0.0,249.82888432580424,0.015520011685655857,False,-0.026463832828250752,0.634548412182868,False
N925,27384,425,0,0,0,425,27.397957,22.860485,21.529985,2.0734751,67.811264,0.0,249.82888432580424,0.015520011685655857,False,-0.22924557620151867,1.4509046406105128,False
N689,27384,423,0,0,0,423,17.49751,17.425219,0.91908807,14.74288,20.917267,0.0,249.82888432580424,0.015446976336546889,False,-0.0063196764403498085,0.8417154467307784,False
N915,27384,419,0,0,2,421,27.165697,22.756582,20.992382,2.177796,66.646904,0.0,249.82888432580424,0.01537394098743792,False,-0.22357859790649431,1.392624161367773,False
N102,27384,419,0,0,0,419,17.238297,17.227474,0.61880493,15.090989,19.90148,0.0,249.82888432580424,0.01530090563832895,False,-0.002907200238391577,0.8768101194294878,False
N12,27384,419,0,0,0,419,27.620308,22.938202,22.13885,1.5114529,68.97955,0.0,249.82888432580424,0.01530090563832895,False,-0.23569562540282002,1.5172383971595982,False
N775,27384,403,0,0,15,418,23.438913,20.686817,12.208647,7.057735,47.298965,0.0,249.82888432580424,0.015264387963774467,False,-0.12820302131382835,0.41176028250773605,False
N205,27384,378,0,0,39,417,26.857658,22.592773,20.252798,2.7566774,65.242355,0.0,249.82888432580424,0.015227870289219982,False,-0.21559409114343825,1.3105096981667443,False
N301,27384,417,0,0,0,417,39.071346,37.753574,7.5585194,16.206392,57.379337,0.0,249.82888432580424,0.015227870289219982,False,0.007956478172107071,0.9885346313547887,False
N126,27384,416,0,0,0,416,18.777363,18.269146,2.8894827,13.257278,25.740746,0.0,249.82888432580424,0.015191352614665497,False,-0.025183713441119547,0.6477134478484243,False
N582,27384,416,0,0,0,416,19.262491,18.55796,3.7145007,12.567241,27.725166,0.0,249.82888432580424,0.015191352614665497,False,-0.03377361000231211,0.5593730198161839,False
N697,27384,416,0,0,0,416,21.240341,19.604849,7.456106,10.265287,36.331707,0.0,249.82888432580424,0.015191352614665497,False,-0.07500436818526579,0.13534663020500987,False
N706,27384,408,0,0,8,416,23.29504,20.633823,11.925805,7.389327,46.61893,0.0,249.82888432580424,0.015191352614665497,False,-0.12500262720445712,0.3788467097447058,False
N892,27384,416,0,0,0,416,28.042015,23.174242,23.132696,0.977847,71.26554,0.0,249.82888432580424,0.015191352614665497,False,-0.24625119226542275,1.6257942206345897,False
N3,27384,415,0,0,0,415,17.000349,16.999763,0.5010066,14.881579,19.118944,0.0,249.82888432580424,0.015154834940111014,False,1.722099847678973e-05,0.9068855251076743,False
N76,27384,415,0,0,0,415,18.23906,17.946722,2.0127933,13.686764,23.517101,0.0,249.82888432580424,0.015154834940111014,False,-0.0166599072065651,0.7353741880983484,False
N866,27384,414,0,0,0,414,20.180023,19.05551,5.3906827,11.28147,31.926037,0.0,249.82888432580424,0.015118317265556529,False,-0.05194306371515542,0.3725142716729217,False
N441,27384,413,0,0,0,413,35.58132,37.239647,6.7794924,15.870781,50.07443,0.0,249.82888432580424,0.015081799591002046,False,0.08052473566362936,1.7348429114005834,False
N723,27384,413,0,0,0,413,17.554255,17.47617,0.9985179,14.623532,20.787815,0.0,249.82888432580424,0.015081799591002046,False,-0.007094478534489439,0.8337472077480416,False
N589,27384,411,0,0,0,411,39.834488,39.58666,7.0947576,16.081362,54.748962,0.0,249.82888432580424,0.015008764241893076,False,0.03983073594042798,1.3163366665020553,False
N316,27384,410,0,0,0,410,21.208185,19.356487,11.517175,5.134745,43.06237,0.0,249.82888432580424,0.014972246567338593,False,-0.12552426449995657,0.3842113450035504,False
N300,27384,408,0,0,0,408,18.993422,18.410158,3.2542565,12.887631,26.864182,0.0,249.82888432580424,0.014899211218229623,False,-0.029007145231147256,0.6083924154614837,False
N425,27384,408,0,0,0,408,19.940277,18.943378,4.9348483,11.854842,31.048532,0.0,249.82888432580424,0.014899211218229623,False,-0.046861571628991634,0.42477347907271695,False
N764,27384,408,0,0,0,408,21.276588,19.615274,7.5486436,9.881952,36.582806,0.0,249.82888432580424,0.014899211218229623,False,-0.07605809027313917,0.12450991527990754,False
N283,27384,407,0,0,0,407,19.195824,18.523218,3.598838,12.692416,27.530174,0.0,249.82888432580424,0.01486269354367514,False,-0.03257140887596553,0.5717367265646566,False
N312,27384,407,0,0,0,407,21.350584,21.26224,1.8068646,15.672901,26.272951,0.0,249.82888432580424,0.01486269354367514,False,0.0052263819950475595,0.9604577082937807,False
N410,27384,407,0,0,0,407,20.415792,19.169537,5.8386416,11.143927,32.961197,0.0,249.82888432580424,0.01486269354367514,False,-0.05679398734772931,0.3226262821027897,False
N436,27384,407,0,0,0,407,10.66916,11.110111,4.817412,0.22367588,18.728466,0.0,249.82888432580424,0.01486269354367514,False,-0.06530955235031007,0.2350502965358681,False
N641,27384,407,0,0,0,407,21.328613,19.644165,7.6506433,9.989663,36.72413,0.0,249.82888432580424,0.01486269354367514,False,-0.07718156582346825,0.11295584005993213,False
N920,27384,407,0,0,0,407,28.771046,23.497936,24.938154,0.053858556,75.182976,0.0,249.82888432580424,0.01486269354367514,False,-0.2652735645528792,1.821424575213531,False
N674,27384,403,0,0,0,403,17.04542,17.041882,0.507032,14.631433,19.274443,0.0,249.82888432580424,0.014716622845457201,False,-0.0005988134000097958,0.9005500888125797,False
N790,27384,402,0,0,0,402,21.618,19.802004,8.255884,9.383377,38.31176,0.0,249.82888432580424,0.014680105170902716,False,-0.083996872697123,0.04286569146492467,False
N896,27384,402,0,0,0,402,28.117085,23.182747,23.281515,0.8613794,71.725174,0.0,249.82888432580424,0.014680105170902716,False,-0.24777504238743714,1.641465837990718,False
N702,27384,401,0,0,0,401,20.943039,19.4614,6.8834777,9.9421425,35.06197,0.0,249.82888432580424,0.014643587496348233,False,-0.06861022326955417,0.20110545450867717,False
N576,27384,400,0,0,0,400,21.220736,19.567448,7.460211,10.044288,36.40288,0.0,249.82888432580424,0.014607069821793748,False,-0.07492395015613297,0.1361736673019637,False
N890,27384,396,0,0,0,396,31.864357,26.198404,20.01516,7.1082826,71.6467,0.0,249.82888432580424,0.014460999123575811,False,-0.19833590480849136,1.133022628674291,False
N838,27384,395,0,0,0,395,18.725485,18.747297,1.0812932,15.267212,21.911045,0.0,249.82888432580424,0.014424481449021326,False,0.013265242303373762,1.043131155578032,False
N28,27384,392,0,0,0,392,22.52011,20.228966,10.1808195,8.318467,42.748474,0.0,249.82888432580424,0.014314928425357873,False,-0.10555470124280109,0.17883986547678227,False
N82,27384,392,0,0,0,392,17.858715,17.685513,1.4231896,14.153072,22.18962,0.0,249.82888432580424,0.014314928425357873,False,-0.01105933091178593,0.7929717742373044,False
N745,27384,390,0,0,0,390,17.272451,17.258602,0.6525375,14.654485,19.886028,0.0,249.82888432580424,0.014241893076248905,False,-0.003396691513540301,0.8717760810733052,False
N894,27384,389,0,0,0,389,45.632034,42.913475,16.30339,15.766087,83.5754,0.0,249.82888432580424,0.01420537540169442,False,-0.10081361251542162,0.13008144277263461,False
N251,27384,384,0,0,0,384,22.579845,20.242168,10.314828,8.378155,42.982693,0.0,249.82888432580424,0.014022787028921999,False,-0.10712695663352888,0.19500929350230525,False
N900,27384,379,0,0,0,379,27.25362,22.786474,21.230783,1.9650139,67.406235,0.0,249.82888432580424,0.013840198656149577,False,-0.22625197352484158,1.4201177574469979,False
N269,27384,378,0,0,0,378,21.030748,19.490936,7.0516033,10.480186,35.542267,0.0,249.82888432580424,0.013803680981595092,False,-0.07034640111577382,0.18325021108606673,False
